"HealthTopic","Population","Indicator","Unit","Time","RegionCode","RegionName","NumValue","TxtValue"
"Campylobacteriosis","Disease surveillance|Confirmed cases","Reported cases","N","2007","AT","Austria",5822.000000000,""
"Campylobacteriosis","Disease surveillance|Confirmed cases","Reported cases","N","2007","BE","Belgium",5895.000000000,""
"Campylobacteriosis","Disease surveillance|Confirmed cases","Reported cases","N","2007","BG","Bulgaria",38.000000000,""
"Campylobacteriosis","Disease surveillance|Confirmed cases","Reported cases","N","2007","CY","Cyprus",17.000000000,""
"Campylobacteriosis","Disease surveillance|Confirmed cases","Reported cases","N","2007","CZ","Czechia",24137.000000000,""
"Campylobacteriosis","Disease surveillance|Confirmed cases","Reported cases","N","2007","DE","Germany",66106.000000000,""
"Campylobacteriosis","Disease surveillance|Confirmed cases","Reported cases","N","2007","DK","Denmark",3868.000000000,""
"Campylobacteriosis","Disease surveillance|Confirmed cases","Reported cases","N","2007","EE","Estonia",114.000000000,""
"Campylobacteriosis","Disease surveillance|Confirmed cases","Reported cases","N","2007","ES","Spain",5331.000000000,""
"Campylobacteriosis","Disease surveillance|Confirmed cases","Reported cases","N","2007","EU27_21","EU (without UK)",143151.000000000,""
"Campylobacteriosis","Disease surveillance|Confirmed cases","Reported cases","N","2007","EU27_UK_21","EU (with UK until 2019)",201000.000000000,""
"Campylobacteriosis","Disease surveillance|Confirmed cases","Reported cases","N","2007","EUEEA30_21","EU/EEA (without UK)",146080.000000000,""
"Campylobacteriosis","Disease surveillance|Confirmed cases","Reported cases","N","2007","EUEEAUK_21","EU/EEA (with UK until 2019)",203929.000000000,""
"Campylobacteriosis","Disease surveillance|Confirmed cases","Reported cases","N","2007","FI","Finland",4107.000000000,""
"Campylobacteriosis","Disease surveillance|Confirmed cases","Reported cases","N","2007","FR","France",3058.000000000,""
"Campylobacteriosis","Disease surveillance|Confirmed cases","Reported cases","N","2007","HU","Hungary",5809.000000000,""
"Campylobacteriosis","Disease surveillance|Confirmed cases","Reported cases","N","2007","IE","Ireland",1885.000000000,""
"Campylobacteriosis","Disease surveillance|Confirmed cases","Reported cases","N","2007","IS","Iceland",93.000000000,""
"Campylobacteriosis","Disease surveillance|Confirmed cases","Reported cases","N","2007","IT","Italy",676.000000000,""
"Campylobacteriosis","Disease surveillance|Confirmed cases","Reported cases","N","2007","LI","Liechtenstein",0.000000000,""
"Campylobacteriosis","Disease surveillance|Confirmed cases","Reported cases","N","2007","LT","Lithuania",564.000000000,""
"Campylobacteriosis","Disease surveillance|Confirmed cases","Reported cases","N","2007","LU","Luxembourg",366.000000000,""
"Campylobacteriosis","Disease surveillance|Confirmed cases","Reported cases","N","2007","LV","Latvia",0.000000000,""
"Campylobacteriosis","Disease surveillance|Confirmed cases","Reported cases","N","2007","MT","Malta",91.000000000,""
"Campylobacteriosis","Disease surveillance|Confirmed cases","Reported cases","N","2007","NL","Netherlands",3462.000000000,""
"Campylobacteriosis","Disease surveillance|Confirmed cases","Reported cases","N","2007","NO","Norway",2836.000000000,""
"Campylobacteriosis","Disease surveillance|Confirmed cases","Reported cases","N","2007","PL","Poland",192.000000000,""
"Campylobacteriosis","Disease surveillance|Confirmed cases","Reported cases","N","2007","SE","Sweden",7106.000000000,""
"Campylobacteriosis","Disease surveillance|Confirmed cases","Reported cases","N","2007","SI","Slovenia",1127.000000000,""
"Campylobacteriosis","Disease surveillance|Confirmed cases","Reported cases","N","2007","SK","Slovakia",3380.000000000,""
"Campylobacteriosis","Disease surveillance|Confirmed cases","Reported cases","N","2007","UK","United Kingdom",57849.000000000,""
"Campylobacteriosis","Disease surveillance|Confirmed cases","Reported cases","N","2008","AT","Austria",4280.000000000,""
"Campylobacteriosis","Disease surveillance|Confirmed cases","Reported cases","N","2008","BE","Belgium",5111.000000000,""
"Campylobacteriosis","Disease surveillance|Confirmed cases","Reported cases","N","2008","BG","Bulgaria",19.000000000,""
"Campylobacteriosis","Disease surveillance|Confirmed cases","Reported cases","N","2008","CY","Cyprus",23.000000000,""
"Campylobacteriosis","Disease surveillance|Confirmed cases","Reported cases","N","2008","CZ","Czechia",20067.000000000,""
"Campylobacteriosis","Disease surveillance|Confirmed cases","Reported cases","N","2008","DE","Germany",64730.000000000,""
"Campylobacteriosis","Disease surveillance|Confirmed cases","Reported cases","N","2008","DK","Denmark",3470.000000000,""
"Campylobacteriosis","Disease surveillance|Confirmed cases","Reported cases","N","2008","EE","Estonia",154.000000000,""
"Campylobacteriosis","Disease surveillance|Confirmed cases","Reported cases","N","2008","ES","Spain",5160.000000000,""
"Campylobacteriosis","Disease surveillance|Confirmed cases","Reported cases","N","2008","EU27_21","EU (without UK)",134995.000000000,""
"Campylobacteriosis","Disease surveillance|Confirmed cases","Reported cases","N","2008","EU27_UK_21","EU (with UK until 2019)",190604.000000000,""
"Campylobacteriosis","Disease surveillance|Confirmed cases","Reported cases","N","2008","EUEEA30_21","EU/EEA (without UK)",137970.000000000,""
"Campylobacteriosis","Disease surveillance|Confirmed cases","Reported cases","N","2008","EUEEAUK_21","EU/EEA (with UK until 2019)",193579.000000000,""
"Campylobacteriosis","Disease surveillance|Confirmed cases","Reported cases","N","2008","FI","Finland",4453.000000000,""
"Campylobacteriosis","Disease surveillance|Confirmed cases","Reported cases","N","2008","FR","France",3424.000000000,""
"Campylobacteriosis","Disease surveillance|Confirmed cases","Reported cases","N","2008","HU","Hungary",5516.000000000,""
"Campylobacteriosis","Disease surveillance|Confirmed cases","Reported cases","N","2008","IE","Ireland",1752.000000000,""
"Campylobacteriosis","Disease surveillance|Confirmed cases","Reported cases","N","2008","IS","Iceland",98.000000000,""
"Campylobacteriosis","Disease surveillance|Confirmed cases","Reported cases","N","2008","IT","Italy",265.000000000,""
"Campylobacteriosis","Disease surveillance|Confirmed cases","Reported cases","N","2008","LI","Liechtenstein",2.000000000,""
"Campylobacteriosis","Disease surveillance|Confirmed cases","Reported cases","N","2008","LT","Lithuania",762.000000000,""
"Campylobacteriosis","Disease surveillance|Confirmed cases","Reported cases","N","2008","LU","Luxembourg",467.000000000,""
"Campylobacteriosis","Disease surveillance|Confirmed cases","Reported cases","N","2008","LV","Latvia",0.000000000,""
"Campylobacteriosis","Disease surveillance|Confirmed cases","Reported cases","N","2008","MT","Malta",77.000000000,""
"Campylobacteriosis","Disease surveillance|Confirmed cases","Reported cases","N","2008","NL","Netherlands",3341.000000000,""
"Campylobacteriosis","Disease surveillance|Confirmed cases","Reported cases","N","2008","NO","Norway",2875.000000000,""
"Campylobacteriosis","Disease surveillance|Confirmed cases","Reported cases","N","2008","PL","Poland",270.000000000,""
"Campylobacteriosis","Disease surveillance|Confirmed cases","Reported cases","N","2008","SE","Sweden",7692.000000000,""
"Campylobacteriosis","Disease surveillance|Confirmed cases","Reported cases","N","2008","SI","Slovenia",898.000000000,""
"Campylobacteriosis","Disease surveillance|Confirmed cases","Reported cases","N","2008","SK","Slovakia",3064.000000000,""
"Campylobacteriosis","Disease surveillance|Confirmed cases","Reported cases","N","2008","UK","United Kingdom",55609.000000000,""
"Campylobacteriosis","Disease surveillance|Confirmed cases","Reported cases","N","2009","AT","Austria",4502.000000000,""
"Campylobacteriosis","Disease surveillance|Confirmed cases","Reported cases","N","2009","BE","Belgium",5697.000000000,""
"Campylobacteriosis","Disease surveillance|Confirmed cases","Reported cases","N","2009","BG","Bulgaria",26.000000000,""
"Campylobacteriosis","Disease surveillance|Confirmed cases","Reported cases","N","2009","CY","Cyprus",37.000000000,""
"Campylobacteriosis","Disease surveillance|Confirmed cases","Reported cases","N","2009","CZ","Czechia",20259.000000000,""
"Campylobacteriosis","Disease surveillance|Confirmed cases","Reported cases","N","2009","DE","Germany",62787.000000000,""
"Campylobacteriosis","Disease surveillance|Confirmed cases","Reported cases","N","2009","DK","Denmark",3353.000000000,""
"Campylobacteriosis","Disease surveillance|Confirmed cases","Reported cases","N","2009","EE","Estonia",170.000000000,""
"Campylobacteriosis","Disease surveillance|Confirmed cases","Reported cases","N","2009","ES","Spain",5106.000000000,""
"Campylobacteriosis","Disease surveillance|Confirmed cases","Reported cases","N","2009","EU27_21","EU (without UK)",136668.000000000,""
"Campylobacteriosis","Disease surveillance|Confirmed cases","Reported cases","N","2009","EU27_UK_21","EU (with UK until 2019)",201711.000000000,""
"Campylobacteriosis","Disease surveillance|Confirmed cases","Reported cases","N","2009","EUEEA30_21","EU/EEA (without UK)",139590.000000000,""
"Campylobacteriosis","Disease surveillance|Confirmed cases","Reported cases","N","2009","EUEEAUK_21","EU/EEA (with UK until 2019)",204633.000000000,""
"Campylobacteriosis","Disease surveillance|Confirmed cases","Reported cases","N","2009","FI","Finland",4050.000000000,""
"Campylobacteriosis","Disease surveillance|Confirmed cases","Reported cases","N","2009","FR","France",3956.000000000,""
"Campylobacteriosis","Disease surveillance|Confirmed cases","Reported cases","N","2009","HU","Hungary",6579.000000000,""
"Campylobacteriosis","Disease surveillance|Confirmed cases","Reported cases","N","2009","IE","Ireland",1810.000000000,""
"Campylobacteriosis","Disease surveillance|Confirmed cases","Reported cases","N","2009","IS","Iceland",74.000000000,""
"Campylobacteriosis","Disease surveillance|Confirmed cases","Reported cases","N","2009","IT","Italy",531.000000000,""
"Campylobacteriosis","Disease surveillance|Confirmed cases","Reported cases","N","2009","LT","Lithuania",812.000000000,""
"Campylobacteriosis","Disease surveillance|Confirmed cases","Reported cases","N","2009","LU","Luxembourg",523.000000000,""
"Campylobacteriosis","Disease surveillance|Confirmed cases","Reported cases","N","2009","LV","Latvia",0.000000000,""
"Campylobacteriosis","Disease surveillance|Confirmed cases","Reported cases","N","2009","MT","Malta",132.000000000,""
"Campylobacteriosis","Disease surveillance|Confirmed cases","Reported cases","N","2009","NL","Netherlands",3782.000000000,""
"Campylobacteriosis","Disease surveillance|Confirmed cases","Reported cases","N","2009","NO","Norway",2848.000000000,""
"Campylobacteriosis","Disease surveillance|Confirmed cases","Reported cases","N","2009","PL","Poland",359.000000000,""
"Campylobacteriosis","Disease surveillance|Confirmed cases","Reported cases","N","2009","RO","Romania",254.000000000,""
"Campylobacteriosis","Disease surveillance|Confirmed cases","Reported cases","N","2009","SE","Sweden",7178.000000000,""
"Campylobacteriosis","Disease surveillance|Confirmed cases","Reported cases","N","2009","SI","Slovenia",952.000000000,""
"Campylobacteriosis","Disease surveillance|Confirmed cases","Reported cases","N","2009","SK","Slovakia",3813.000000000,""
"Campylobacteriosis","Disease surveillance|Confirmed cases","Reported cases","N","2009","UK","United Kingdom",65043.000000000,""
"Campylobacteriosis","Disease surveillance|Confirmed cases","Reported cases","N","2010","AT","Austria",4404.000000000,""
"Campylobacteriosis","Disease surveillance|Confirmed cases","Reported cases","N","2010","BE","Belgium",6047.000000000,""
"Campylobacteriosis","Disease surveillance|Confirmed cases","Reported cases","N","2010","BG","Bulgaria",6.000000000,""
"Campylobacteriosis","Disease surveillance|Confirmed cases","Reported cases","N","2010","CY","Cyprus",55.000000000,""
"Campylobacteriosis","Disease surveillance|Confirmed cases","Reported cases","N","2010","CZ","Czechia",21075.000000000,""
"Campylobacteriosis","Disease surveillance|Confirmed cases","Reported cases","N","2010","DE","Germany",65108.000000000,""
"Campylobacteriosis","Disease surveillance|Confirmed cases","Reported cases","N","2010","DK","Denmark",4037.000000000,""
"Campylobacteriosis","Disease surveillance|Confirmed cases","Reported cases","N","2010","EE","Estonia",197.000000000,""
"Campylobacteriosis","Disease surveillance|Confirmed cases","Reported cases","N","2010","ES","Spain",6340.000000000,""
"Campylobacteriosis","Disease surveillance|Confirmed cases","Reported cases","N","2010","EU27_21","EU (without UK)",145097.000000000,""
"Campylobacteriosis","Disease surveillance|Confirmed cases","Reported cases","N","2010","EU27_UK_21","EU (with UK until 2019)",215395.000000000,""
"Campylobacteriosis","Disease surveillance|Confirmed cases","Reported cases","N","2010","EUEEA30_21","EU/EEA (without UK)",147834.000000000,""
"Campylobacteriosis","Disease surveillance|Confirmed cases","Reported cases","N","2010","EUEEAUK_21","EU/EEA (with UK until 2019)",218132.000000000,""
"Campylobacteriosis","Disease surveillance|Confirmed cases","Reported cases","N","2010","FI","Finland",3944.000000000,""
"Campylobacteriosis","Disease surveillance|Confirmed cases","Reported cases","N","2010","FR","France",4324.000000000,""
"Campylobacteriosis","Disease surveillance|Confirmed cases","Reported cases","N","2010","HU","Hungary",7180.000000000,""
"Campylobacteriosis","Disease surveillance|Confirmed cases","Reported cases","N","2010","IE","Ireland",1660.000000000,""
"Campylobacteriosis","Disease surveillance|Confirmed cases","Reported cases","N","2010","IS","Iceland",55.000000000,""
"Campylobacteriosis","Disease surveillance|Confirmed cases","Reported cases","N","2010","IT","Italy",457.000000000,""
"Campylobacteriosis","Disease surveillance|Confirmed cases","Reported cases","N","2010","LT","Lithuania",1095.000000000,""
"Campylobacteriosis","Disease surveillance|Confirmed cases","Reported cases","N","2010","LU","Luxembourg",600.000000000,""
"Campylobacteriosis","Disease surveillance|Confirmed cases","Reported cases","N","2010","LV","Latvia",1.000000000,""
"Campylobacteriosis","Disease surveillance|Confirmed cases","Reported cases","N","2010","MT","Malta",204.000000000,""
"Campylobacteriosis","Disease surveillance|Confirmed cases","Reported cases","N","2010","NL","Netherlands",4322.000000000,""
"Campylobacteriosis","Disease surveillance|Confirmed cases","Reported cases","N","2010","NO","Norway",2682.000000000,""
"Campylobacteriosis","Disease surveillance|Confirmed cases","Reported cases","N","2010","PL","Poland",367.000000000,""
"Campylobacteriosis","Disease surveillance|Confirmed cases","Reported cases","N","2010","RO","Romania",175.000000000,""
"Campylobacteriosis","Disease surveillance|Confirmed cases","Reported cases","N","2010","SE","Sweden",8001.000000000,""
"Campylobacteriosis","Disease surveillance|Confirmed cases","Reported cases","N","2010","SI","Slovenia",1022.000000000,""
"Campylobacteriosis","Disease surveillance|Confirmed cases","Reported cases","N","2010","SK","Slovakia",4476.000000000,""
"Campylobacteriosis","Disease surveillance|Confirmed cases","Reported cases","N","2010","UK","United Kingdom",70298.000000000,""
"Campylobacteriosis","Disease surveillance|Confirmed cases","Reported cases","N","2011","AT","Austria",5129.000000000,""
"Campylobacteriosis","Disease surveillance|Confirmed cases","Reported cases","N","2011","BE","Belgium",7716.000000000,""
"Campylobacteriosis","Disease surveillance|Confirmed cases","Reported cases","N","2011","BG","Bulgaria",73.000000000,""
"Campylobacteriosis","Disease surveillance|Confirmed cases","Reported cases","N","2011","CY","Cyprus",62.000000000,""
"Campylobacteriosis","Disease surveillance|Confirmed cases","Reported cases","N","2011","CZ","Czechia",18743.000000000,""
"Campylobacteriosis","Disease surveillance|Confirmed cases","Reported cases","N","2011","DE","Germany",70811.000000000,""
"Campylobacteriosis","Disease surveillance|Confirmed cases","Reported cases","N","2011","DK","Denmark",4060.000000000,""
"Campylobacteriosis","Disease surveillance|Confirmed cases","Reported cases","N","2011","EE","Estonia",214.000000000,""
"Campylobacteriosis","Disease surveillance|Confirmed cases","Reported cases","N","2011","ES","Spain",5469.000000000,""
"Campylobacteriosis","Disease surveillance|Confirmed cases","Reported cases","N","2011","EU27_21","EU (without UK)",151847.000000000,""
"Campylobacteriosis","Disease surveillance|Confirmed cases","Reported cases","N","2011","EU27_UK_21","EU (with UK until 2019)",223986.000000000,""
"Campylobacteriosis","Disease surveillance|Confirmed cases","Reported cases","N","2011","EUEEA30_21","EU/EEA (without UK)",154975.000000000,""
"Campylobacteriosis","Disease surveillance|Confirmed cases","Reported cases","N","2011","EUEEAUK_21","EU/EEA (with UK until 2019)",227114.000000000,""
"Campylobacteriosis","Disease surveillance|Confirmed cases","Reported cases","N","2011","FI","Finland",4267.000000000,""
"Campylobacteriosis","Disease surveillance|Confirmed cases","Reported cases","N","2011","FR","France",5538.000000000,""
"Campylobacteriosis","Disease surveillance|Confirmed cases","Reported cases","N","2011","HU","Hungary",6121.000000000,""
"Campylobacteriosis","Disease surveillance|Confirmed cases","Reported cases","N","2011","IE","Ireland",2433.000000000,""
"Campylobacteriosis","Disease surveillance|Confirmed cases","Reported cases","N","2011","IS","Iceland",123.000000000,""
"Campylobacteriosis","Disease surveillance|Confirmed cases","Reported cases","N","2011","IT","Italy",468.000000000,""
"Campylobacteriosis","Disease surveillance|Confirmed cases","Reported cases","N","2011","LT","Lithuania",1124.000000000,""
"Campylobacteriosis","Disease surveillance|Confirmed cases","Reported cases","N","2011","LU","Luxembourg",704.000000000,""
"Campylobacteriosis","Disease surveillance|Confirmed cases","Reported cases","N","2011","LV","Latvia",7.000000000,""
"Campylobacteriosis","Disease surveillance|Confirmed cases","Reported cases","N","2011","MT","Malta",220.000000000,""
"Campylobacteriosis","Disease surveillance|Confirmed cases","Reported cases","N","2011","NL","Netherlands",4408.000000000,""
"Campylobacteriosis","Disease surveillance|Confirmed cases","Reported cases","N","2011","NO","Norway",3005.000000000,""
"Campylobacteriosis","Disease surveillance|Confirmed cases","Reported cases","N","2011","PL","Poland",354.000000000,""
"Campylobacteriosis","Disease surveillance|Confirmed cases","Reported cases","N","2011","RO","Romania",149.000000000,""
"Campylobacteriosis","Disease surveillance|Confirmed cases","Reported cases","N","2011","SE","Sweden",8214.000000000,""
"Campylobacteriosis","Disease surveillance|Confirmed cases","Reported cases","N","2011","SI","Slovenia",998.000000000,""
"Campylobacteriosis","Disease surveillance|Confirmed cases","Reported cases","N","2011","SK","Slovakia",4565.000000000,""
"Campylobacteriosis","Disease surveillance|Confirmed cases","Reported cases","N","2011","UK","United Kingdom",72139.000000000,""
"Campylobacteriosis","Disease surveillance|Confirmed cases","Reported cases","N","2012","AT","Austria",4710.000000000,""
"Campylobacteriosis","Disease surveillance|Confirmed cases","Reported cases","N","2012","BE","Belgium",6607.000000000,""
"Campylobacteriosis","Disease surveillance|Confirmed cases","Reported cases","N","2012","BG","Bulgaria",97.000000000,""
"Campylobacteriosis","Disease surveillance|Confirmed cases","Reported cases","N","2012","CY","Cyprus",68.000000000,""
"Campylobacteriosis","Disease surveillance|Confirmed cases","Reported cases","N","2012","CZ","Czechia",18287.000000000,""
"Campylobacteriosis","Disease surveillance|Confirmed cases","Reported cases","N","2012","DE","Germany",62548.000000000,""
"Campylobacteriosis","Disease surveillance|Confirmed cases","Reported cases","N","2012","DK","Denmark",3720.000000000,""
"Campylobacteriosis","Disease surveillance|Confirmed cases","Reported cases","N","2012","EE","Estonia",268.000000000,""
"Campylobacteriosis","Disease surveillance|Confirmed cases","Reported cases","N","2012","ES","Spain",5548.000000000,""
"Campylobacteriosis","Disease surveillance|Confirmed cases","Reported cases","N","2012","EU27_21","EU (without UK)",141800.000000000,""
"Campylobacteriosis","Disease surveillance|Confirmed cases","Reported cases","N","2012","EU27_UK_21","EU (with UK until 2019)",214300.000000000,""
"Campylobacteriosis","Disease surveillance|Confirmed cases","Reported cases","N","2012","EUEEA30_21","EU/EEA (without UK)",144793.000000000,""
"Campylobacteriosis","Disease surveillance|Confirmed cases","Reported cases","N","2012","EUEEAUK_21","EU/EEA (with UK until 2019)",217293.000000000,""
"Campylobacteriosis","Disease surveillance|Confirmed cases","Reported cases","N","2012","FI","Finland",4251.000000000,""
"Campylobacteriosis","Disease surveillance|Confirmed cases","Reported cases","N","2012","FR","France",5079.000000000,""
"Campylobacteriosis","Disease surveillance|Confirmed cases","Reported cases","N","2012","HR","Croatia",0.000000000,""
"Campylobacteriosis","Disease surveillance|Confirmed cases","Reported cases","N","2012","HU","Hungary",6367.000000000,""
"Campylobacteriosis","Disease surveillance|Confirmed cases","Reported cases","N","2012","IE","Ireland",2391.000000000,""
"Campylobacteriosis","Disease surveillance|Confirmed cases","Reported cases","N","2012","IS","Iceland",60.000000000,""
"Campylobacteriosis","Disease surveillance|Confirmed cases","Reported cases","N","2012","IT","Italy",774.000000000,""
"Campylobacteriosis","Disease surveillance|Confirmed cases","Reported cases","N","2012","LT","Lithuania",917.000000000,""
"Campylobacteriosis","Disease surveillance|Confirmed cases","Reported cases","N","2012","LU","Luxembourg",581.000000000,""
"Campylobacteriosis","Disease surveillance|Confirmed cases","Reported cases","N","2012","LV","Latvia",8.000000000,""
"Campylobacteriosis","Disease surveillance|Confirmed cases","Reported cases","N","2012","MT","Malta",220.000000000,""
"Campylobacteriosis","Disease surveillance|Confirmed cases","Reported cases","N","2012","NL","Netherlands",4248.000000000,""
"Campylobacteriosis","Disease surveillance|Confirmed cases","Reported cases","N","2012","NO","Norway",2933.000000000,""
"Campylobacteriosis","Disease surveillance|Confirmed cases","Reported cases","N","2012","PL","Poland",431.000000000,""
"Campylobacteriosis","Disease surveillance|Confirmed cases","Reported cases","N","2012","RO","Romania",92.000000000,""
"Campylobacteriosis","Disease surveillance|Confirmed cases","Reported cases","N","2012","SE","Sweden",7901.000000000,""
"Campylobacteriosis","Disease surveillance|Confirmed cases","Reported cases","N","2012","SI","Slovenia",983.000000000,""
"Campylobacteriosis","Disease surveillance|Confirmed cases","Reported cases","N","2012","SK","Slovakia",5704.000000000,""
"Campylobacteriosis","Disease surveillance|Confirmed cases","Reported cases","N","2012","UK","United Kingdom",72500.000000000,""
"Campylobacteriosis","Disease surveillance|Confirmed cases","Reported cases","N","2013","AT","Austria",5731.000000000,""
"Campylobacteriosis","Disease surveillance|Confirmed cases","Reported cases","N","2013","BE","Belgium",8148.000000000,""
"Campylobacteriosis","Disease surveillance|Confirmed cases","Reported cases","N","2013","BG","Bulgaria",124.000000000,""
"Campylobacteriosis","Disease surveillance|Confirmed cases","Reported cases","N","2013","CY","Cyprus",56.000000000,""
"Campylobacteriosis","Disease surveillance|Confirmed cases","Reported cases","N","2013","CZ","Czechia",18267.000000000,""
"Campylobacteriosis","Disease surveillance|Confirmed cases","Reported cases","N","2013","DE","Germany",63280.000000000,""
"Campylobacteriosis","Disease surveillance|Confirmed cases","Reported cases","N","2013","DK","Denmark",3772.000000000,""
"Campylobacteriosis","Disease surveillance|Confirmed cases","Reported cases","N","2013","EE","Estonia",382.000000000,""
"Campylobacteriosis","Disease surveillance|Confirmed cases","Reported cases","N","2013","ES","Spain",7064.000000000,""
"Campylobacteriosis","Disease surveillance|Confirmed cases","Reported cases","N","2013","EU27_21","EU (without UK)",148328.000000000,""
"Campylobacteriosis","Disease surveillance|Confirmed cases","Reported cases","N","2013","EU27_UK_21","EU (with UK until 2019)",214710.000000000,""
"Campylobacteriosis","Disease surveillance|Confirmed cases","Reported cases","N","2013","EUEEA30_21","EU/EEA (without UK)",151720.000000000,""
"Campylobacteriosis","Disease surveillance|Confirmed cases","Reported cases","N","2013","EUEEAUK_21","EU/EEA (with UK until 2019)",218102.000000000,""
"Campylobacteriosis","Disease surveillance|Confirmed cases","Reported cases","N","2013","FI","Finland",4066.000000000,""
"Campylobacteriosis","Disease surveillance|Confirmed cases","Reported cases","N","2013","FR","France",5198.000000000,""
"Campylobacteriosis","Disease surveillance|Confirmed cases","Reported cases","N","2013","HR","Croatia",0.000000000,""
"Campylobacteriosis","Disease surveillance|Confirmed cases","Reported cases","N","2013","HU","Hungary",7247.000000000,""
"Campylobacteriosis","Disease surveillance|Confirmed cases","Reported cases","N","2013","IE","Ireland",2288.000000000,""
"Campylobacteriosis","Disease surveillance|Confirmed cases","Reported cases","N","2013","IS","Iceland",101.000000000,""
"Campylobacteriosis","Disease surveillance|Confirmed cases","Reported cases","N","2013","IT","Italy",1178.000000000,""
"Campylobacteriosis","Disease surveillance|Confirmed cases","Reported cases","N","2013","LT","Lithuania",1139.000000000,""
"Campylobacteriosis","Disease surveillance|Confirmed cases","Reported cases","N","2013","LU","Luxembourg",675.000000000,""
"Campylobacteriosis","Disease surveillance|Confirmed cases","Reported cases","N","2013","LV","Latvia",9.000000000,""
"Campylobacteriosis","Disease surveillance|Confirmed cases","Reported cases","N","2013","MT","Malta",246.000000000,""
"Campylobacteriosis","Disease surveillance|Confirmed cases","Reported cases","N","2013","NL","Netherlands",3702.000000000,""
"Campylobacteriosis","Disease surveillance|Confirmed cases","Reported cases","N","2013","NO","Norway",3291.000000000,""
"Campylobacteriosis","Disease surveillance|Confirmed cases","Reported cases","N","2013","PL","Poland",552.000000000,""
"Campylobacteriosis","Disease surveillance|Confirmed cases","Reported cases","N","2013","RO","Romania",218.000000000,""
"Campylobacteriosis","Disease surveillance|Confirmed cases","Reported cases","N","2013","SE","Sweden",8114.000000000,""
"Campylobacteriosis","Disease surveillance|Confirmed cases","Reported cases","N","2013","SI","Slovenia",1027.000000000,""
"Campylobacteriosis","Disease surveillance|Confirmed cases","Reported cases","N","2013","SK","Slovakia",5845.000000000,""
"Campylobacteriosis","Disease surveillance|Confirmed cases","Reported cases","N","2013","UK","United Kingdom",66382.000000000,""
"Campylobacteriosis","Disease surveillance|Confirmed cases","Reported cases","N","2014","AT","Austria",6514.000000000,""
"Campylobacteriosis","Disease surveillance|Confirmed cases","Reported cases","N","2014","BE","Belgium",8098.000000000,""
"Campylobacteriosis","Disease surveillance|Confirmed cases","Reported cases","N","2014","BG","Bulgaria",144.000000000,""
"Campylobacteriosis","Disease surveillance|Confirmed cases","Reported cases","N","2014","CY","Cyprus",40.000000000,""
"Campylobacteriosis","Disease surveillance|Confirmed cases","Reported cases","N","2014","CZ","Czechia",20750.000000000,""
"Campylobacteriosis","Disease surveillance|Confirmed cases","Reported cases","N","2014","DE","Germany",70571.000000000,""
"Campylobacteriosis","Disease surveillance|Confirmed cases","Reported cases","N","2014","DK","Denmark",3773.000000000,""
"Campylobacteriosis","Disease surveillance|Confirmed cases","Reported cases","N","2014","EE","Estonia",285.000000000,""
"Campylobacteriosis","Disease surveillance|Confirmed cases","Reported cases","N","2014","ES","Spain",11481.000000000,""
"Campylobacteriosis","Disease surveillance|Confirmed cases","Reported cases","N","2014","EU27_21","EU (without UK)",170102.000000000,""
"Campylobacteriosis","Disease surveillance|Confirmed cases","Reported cases","N","2014","EU27_UK_21","EU (with UK until 2019)",236818.000000000,""
"Campylobacteriosis","Disease surveillance|Confirmed cases","Reported cases","N","2014","EUEEA30_21","EU/EEA (without UK)",173630.000000000,""
"Campylobacteriosis","Disease surveillance|Confirmed cases","Reported cases","N","2014","EUEEAUK_21","EU/EEA (with UK until 2019)",240346.000000000,""
"Campylobacteriosis","Disease surveillance|Confirmed cases","Reported cases","N","2014","FI","Finland",4889.000000000,""
"Campylobacteriosis","Disease surveillance|Confirmed cases","Reported cases","N","2014","FR","France",5958.000000000,""
"Campylobacteriosis","Disease surveillance|Confirmed cases","Reported cases","N","2014","HR","Croatia",1647.000000000,""
"Campylobacteriosis","Disease surveillance|Confirmed cases","Reported cases","N","2014","HU","Hungary",8444.000000000,""
"Campylobacteriosis","Disease surveillance|Confirmed cases","Reported cases","N","2014","IE","Ireland",2593.000000000,""
"Campylobacteriosis","Disease surveillance|Confirmed cases","Reported cases","N","2014","IS","Iceland",142.000000000,""
"Campylobacteriosis","Disease surveillance|Confirmed cases","Reported cases","N","2014","IT","Italy",1252.000000000,""
"Campylobacteriosis","Disease surveillance|Confirmed cases","Reported cases","N","2014","LT","Lithuania",1184.000000000,""
"Campylobacteriosis","Disease surveillance|Confirmed cases","Reported cases","N","2014","LU","Luxembourg",873.000000000,""
"Campylobacteriosis","Disease surveillance|Confirmed cases","Reported cases","N","2014","LV","Latvia",37.000000000,""
"Campylobacteriosis","Disease surveillance|Confirmed cases","Reported cases","N","2014","MT","Malta",288.000000000,""
"Campylobacteriosis","Disease surveillance|Confirmed cases","Reported cases","N","2014","NL","Netherlands",4159.000000000,""
"Campylobacteriosis","Disease surveillance|Confirmed cases","Reported cases","N","2014","NO","Norway",3386.000000000,""
"Campylobacteriosis","Disease surveillance|Confirmed cases","Reported cases","N","2014","PL","Poland",650.000000000,""
"Campylobacteriosis","Disease surveillance|Confirmed cases","Reported cases","N","2014","RO","Romania",256.000000000,""
"Campylobacteriosis","Disease surveillance|Confirmed cases","Reported cases","N","2014","SE","Sweden",8288.000000000,""
"Campylobacteriosis","Disease surveillance|Confirmed cases","Reported cases","N","2014","SI","Slovenia",1184.000000000,""
"Campylobacteriosis","Disease surveillance|Confirmed cases","Reported cases","N","2014","SK","Slovakia",6744.000000000,""
"Campylobacteriosis","Disease surveillance|Confirmed cases","Reported cases","N","2014","UK","United Kingdom",66716.000000000,""
"Campylobacteriosis","Disease surveillance|Confirmed cases","Reported cases","N","2015","AT","Austria",6258.000000000,""
"Campylobacteriosis","Disease surveillance|Confirmed cases","Reported cases","N","2015","BE","Belgium",9066.000000000,""
"Campylobacteriosis","Disease surveillance|Confirmed cases","Reported cases","N","2015","BG","Bulgaria",227.000000000,""
"Campylobacteriosis","Disease surveillance|Confirmed cases","Reported cases","N","2015","CY","Cyprus",29.000000000,""
"Campylobacteriosis","Disease surveillance|Confirmed cases","Reported cases","N","2015","CZ","Czechia",20960.000000000,""
"Campylobacteriosis","Disease surveillance|Confirmed cases","Reported cases","N","2015","DE","Germany",69920.000000000,""
"Campylobacteriosis","Disease surveillance|Confirmed cases","Reported cases","N","2015","DK","Denmark",4327.000000000,""
"Campylobacteriosis","Disease surveillance|Confirmed cases","Reported cases","N","2015","EE","Estonia",318.000000000,""
"Campylobacteriosis","Disease surveillance|Confirmed cases","Reported cases","N","2015","ES","Spain",13227.000000000,""
"Campylobacteriosis","Disease surveillance|Confirmed cases","Reported cases","N","2015","EU27_21","EU (without UK)",172428.000000000,""
"Campylobacteriosis","Disease surveillance|Confirmed cases","Reported cases","N","2015","EU27_UK_21","EU (with UK until 2019)",232225.000000000,""
"Campylobacteriosis","Disease surveillance|Confirmed cases","Reported cases","N","2015","EUEEA30_21","EU/EEA (without UK)",174865.000000000,""
"Campylobacteriosis","Disease surveillance|Confirmed cases","Reported cases","N","2015","EUEEAUK_21","EU/EEA (with UK until 2019)",234662.000000000,""
"Campylobacteriosis","Disease surveillance|Confirmed cases","Reported cases","N","2015","FI","Finland",4588.000000000,""
"Campylobacteriosis","Disease surveillance|Confirmed cases","Reported cases","N","2015","FR","France",6074.000000000,""
"Campylobacteriosis","Disease surveillance|Confirmed cases","Reported cases","N","2015","HR","Croatia",1393.000000000,""
"Campylobacteriosis","Disease surveillance|Confirmed cases","Reported cases","N","2015","HU","Hungary",8342.000000000,""
"Campylobacteriosis","Disease surveillance|Confirmed cases","Reported cases","N","2015","IE","Ireland",2453.000000000,""
"Campylobacteriosis","Disease surveillance|Confirmed cases","Reported cases","N","2015","IS","Iceland",119.000000000,""
"Campylobacteriosis","Disease surveillance|Confirmed cases","Reported cases","N","2015","IT","Italy",1014.000000000,""
"Campylobacteriosis","Disease surveillance|Confirmed cases","Reported cases","N","2015","LT","Lithuania",1186.000000000,""
"Campylobacteriosis","Disease surveillance|Confirmed cases","Reported cases","N","2015","LU","Luxembourg",254.000000000,""
"Campylobacteriosis","Disease surveillance|Confirmed cases","Reported cases","N","2015","LV","Latvia",74.000000000,""
"Campylobacteriosis","Disease surveillance|Confirmed cases","Reported cases","N","2015","MT","Malta",248.000000000,""
"Campylobacteriosis","Disease surveillance|Confirmed cases","Reported cases","N","2015","NL","Netherlands",3778.000000000,""
"Campylobacteriosis","Disease surveillance|Confirmed cases","Reported cases","N","2015","NO","Norway",2318.000000000,""
"Campylobacteriosis","Disease surveillance|Confirmed cases","Reported cases","N","2015","PL","Poland",653.000000000,""
"Campylobacteriosis","Disease surveillance|Confirmed cases","Reported cases","N","2015","PT","Portugal",271.000000000,""
"Campylobacteriosis","Disease surveillance|Confirmed cases","Reported cases","N","2015","RO","Romania",311.000000000,""
"Campylobacteriosis","Disease surveillance|Confirmed cases","Reported cases","N","2015","SE","Sweden",9180.000000000,""
"Campylobacteriosis","Disease surveillance|Confirmed cases","Reported cases","N","2015","SI","Slovenia",1328.000000000,""
"Campylobacteriosis","Disease surveillance|Confirmed cases","Reported cases","N","2015","SK","Slovakia",6949.000000000,""
"Campylobacteriosis","Disease surveillance|Confirmed cases","Reported cases","N","2015","UK","United Kingdom",59797.000000000,""
"Campylobacteriosis","Disease surveillance|Confirmed cases","Reported cases","N","2016","AT","Austria",7083.000000000,""
"Campylobacteriosis","Disease surveillance|Confirmed cases","Reported cases","N","2016","BE","Belgium",10055.000000000,""
"Campylobacteriosis","Disease surveillance|Confirmed cases","Reported cases","N","2016","BG","Bulgaria",202.000000000,""
"Campylobacteriosis","Disease surveillance|Confirmed cases","Reported cases","N","2016","CY","Cyprus",21.000000000,""
"Campylobacteriosis","Disease surveillance|Confirmed cases","Reported cases","N","2016","CZ","Czechia",24084.000000000,""
"Campylobacteriosis","Disease surveillance|Confirmed cases","Reported cases","N","2016","DE","Germany",73736.000000000,""
"Campylobacteriosis","Disease surveillance|Confirmed cases","Reported cases","N","2016","DK","Denmark",4712.000000000,""
"Campylobacteriosis","Disease surveillance|Confirmed cases","Reported cases","N","2016","EE","Estonia",298.000000000,""
"Campylobacteriosis","Disease surveillance|Confirmed cases","Reported cases","N","2016","EL","Greece",456.000000000,""
"Campylobacteriosis","Disease surveillance|Confirmed cases","Reported cases","N","2016","ES","Spain",15542.000000000,""
"Campylobacteriosis","Disease surveillance|Confirmed cases","Reported cases","N","2016","EU27_21","EU (without UK)",188534.000000000,""
"Campylobacteriosis","Disease surveillance|Confirmed cases","Reported cases","N","2016","EU27_UK_21","EU (with UK until 2019)",247435.000000000,""
"Campylobacteriosis","Disease surveillance|Confirmed cases","Reported cases","N","2016","EUEEA30_21","EU/EEA (without UK)",190979.000000000,""
"Campylobacteriosis","Disease surveillance|Confirmed cases","Reported cases","N","2016","EUEEAUK_21","EU/EEA (with UK until 2019)",249880.000000000,""
"Campylobacteriosis","Disease surveillance|Confirmed cases","Reported cases","N","2016","FI","Finland",4637.000000000,""
"Campylobacteriosis","Disease surveillance|Confirmed cases","Reported cases","N","2016","FR","France",6698.000000000,""
"Campylobacteriosis","Disease surveillance|Confirmed cases","Reported cases","N","2016","HR","Croatia",1524.000000000,""
"Campylobacteriosis","Disease surveillance|Confirmed cases","Reported cases","N","2016","HU","Hungary",8556.000000000,""
"Campylobacteriosis","Disease surveillance|Confirmed cases","Reported cases","N","2016","IE","Ireland",2511.000000000,""
"Campylobacteriosis","Disease surveillance|Confirmed cases","Reported cases","N","2016","IS","Iceland",128.000000000,""
"Campylobacteriosis","Disease surveillance|Confirmed cases","Reported cases","N","2016","IT","Italy",1057.000000000,""
"Campylobacteriosis","Disease surveillance|Confirmed cases","Reported cases","N","2016","LT","Lithuania",1225.000000000,""
"Campylobacteriosis","Disease surveillance|Confirmed cases","Reported cases","N","2016","LU","Luxembourg",518.000000000,""
"Campylobacteriosis","Disease surveillance|Confirmed cases","Reported cases","N","2016","LV","Latvia",90.000000000,""
"Campylobacteriosis","Disease surveillance|Confirmed cases","Reported cases","N","2016","MT","Malta",212.000000000,""
"Campylobacteriosis","Disease surveillance|Confirmed cases","Reported cases","N","2016","NL","Netherlands",3383.000000000,""
"Campylobacteriosis","Disease surveillance|Confirmed cases","Reported cases","N","2016","NO","Norway",2317.000000000,""
"Campylobacteriosis","Disease surveillance|Confirmed cases","Reported cases","N","2016","PL","Poland",773.000000000,""
"Campylobacteriosis","Disease surveillance|Confirmed cases","Reported cases","N","2016","PT","Portugal",359.000000000,""
"Campylobacteriosis","Disease surveillance|Confirmed cases","Reported cases","N","2016","RO","Romania",517.000000000,""
"Campylobacteriosis","Disease surveillance|Confirmed cases","Reported cases","N","2016","SE","Sweden",11021.000000000,""
"Campylobacteriosis","Disease surveillance|Confirmed cases","Reported cases","N","2016","SI","Slovenia",1642.000000000,""
"Campylobacteriosis","Disease surveillance|Confirmed cases","Reported cases","N","2016","SK","Slovakia",7622.000000000,""
"Campylobacteriosis","Disease surveillance|Confirmed cases","Reported cases","N","2016","UK","United Kingdom",58901.000000000,""
"Campylobacteriosis","Disease surveillance|Confirmed cases","Reported cases","N","2017","AT","Austria",7204.000000000,""
"Campylobacteriosis","Disease surveillance|Confirmed cases","Reported cases","N","2017","BE","Belgium",8649.000000000,""
"Campylobacteriosis","Disease surveillance|Confirmed cases","Reported cases","N","2017","BG","Bulgaria",195.000000000,""
"Campylobacteriosis","Disease surveillance|Confirmed cases","Reported cases","N","2017","CY","Cyprus",20.000000000,""
"Campylobacteriosis","Disease surveillance|Confirmed cases","Reported cases","N","2017","CZ","Czechia",24326.000000000,""
"Campylobacteriosis","Disease surveillance|Confirmed cases","Reported cases","N","2017","DE","Germany",69251.000000000,""
"Campylobacteriosis","Disease surveillance|Confirmed cases","Reported cases","N","2017","DK","Denmark",4255.000000000,""
"Campylobacteriosis","Disease surveillance|Confirmed cases","Reported cases","N","2017","EE","Estonia",285.000000000,""
"Campylobacteriosis","Disease surveillance|Confirmed cases","Reported cases","N","2017","EL","Greece",344.000000000,""
"Campylobacteriosis","Disease surveillance|Confirmed cases","Reported cases","N","2017","ES","Spain",18860.000000000,""
"Campylobacteriosis","Disease surveillance|Confirmed cases","Reported cases","N","2017","EU27_21","EU (without UK)",183271.000000000,""
"Campylobacteriosis","Disease surveillance|Confirmed cases","Reported cases","N","2017","EU27_UK_21","EU (with UK until 2019)",246538.000000000,""
"Campylobacteriosis","Disease surveillance|Confirmed cases","Reported cases","N","2017","EUEEA30_21","EU/EEA (without UK)",187273.000000000,""
"Campylobacteriosis","Disease surveillance|Confirmed cases","Reported cases","N","2017","EUEEAUK_21","EU/EEA (with UK until 2019)",250540.000000000,""
"Campylobacteriosis","Disease surveillance|Confirmed cases","Reported cases","N","2017","FI","Finland",4289.000000000,""
"Campylobacteriosis","Disease surveillance|Confirmed cases","Reported cases","N","2017","FR","France",6579.000000000,""
"Campylobacteriosis","Disease surveillance|Confirmed cases","Reported cases","N","2017","HR","Croatia",1686.000000000,""
"Campylobacteriosis","Disease surveillance|Confirmed cases","Reported cases","N","2017","HU","Hungary",7807.000000000,""
"Campylobacteriosis","Disease surveillance|Confirmed cases","Reported cases","N","2017","IE","Ireland",2779.000000000,""
"Campylobacteriosis","Disease surveillance|Confirmed cases","Reported cases","N","2017","IS","Iceland",119.000000000,""
"Campylobacteriosis","Disease surveillance|Confirmed cases","Reported cases","N","2017","IT","Italy",1060.000000000,""
"Campylobacteriosis","Disease surveillance|Confirmed cases","Reported cases","N","2017","LT","Lithuania",990.000000000,""
"Campylobacteriosis","Disease surveillance|Confirmed cases","Reported cases","N","2017","LU","Luxembourg",613.000000000,""
"Campylobacteriosis","Disease surveillance|Confirmed cases","Reported cases","N","2017","LV","Latvia",59.000000000,""
"Campylobacteriosis","Disease surveillance|Confirmed cases","Reported cases","N","2017","MT","Malta",231.000000000,""
"Campylobacteriosis","Disease surveillance|Confirmed cases","Reported cases","N","2017","NL","Netherlands",2890.000000000,""
"Campylobacteriosis","Disease surveillance|Confirmed cases","Reported cases","N","2017","NO","Norway",3883.000000000,""
"Campylobacteriosis","Disease surveillance|Confirmed cases","Reported cases","N","2017","PL","Poland",874.000000000,""
"Campylobacteriosis","Disease surveillance|Confirmed cases","Reported cases","N","2017","PT","Portugal",596.000000000,""
"Campylobacteriosis","Disease surveillance|Confirmed cases","Reported cases","N","2017","RO","Romania",467.000000000,""
"Campylobacteriosis","Disease surveillance|Confirmed cases","Reported cases","N","2017","SE","Sweden",10608.000000000,""
"Campylobacteriosis","Disease surveillance|Confirmed cases","Reported cases","N","2017","SI","Slovenia",1408.000000000,""
"Campylobacteriosis","Disease surveillance|Confirmed cases","Reported cases","N","2017","SK","Slovakia",6946.000000000,""
"Campylobacteriosis","Disease surveillance|Confirmed cases","Reported cases","N","2017","UK","United Kingdom",63267.000000000,""
"Campylobacteriosis","Disease surveillance|Confirmed cases","Reported cases","N","2018","AT","Austria",7999.000000000,""
"Campylobacteriosis","Disease surveillance|Confirmed cases","Reported cases","N","2018","BE","Belgium",8086.000000000,""
"Campylobacteriosis","Disease surveillance|Confirmed cases","Reported cases","N","2018","BG","Bulgaria",191.000000000,""
"Campylobacteriosis","Disease surveillance|Confirmed cases","Reported cases","N","2018","CY","Cyprus",26.000000000,""
"Campylobacteriosis","Disease surveillance|Confirmed cases","Reported cases","N","2018","CZ","Czechia",22895.000000000,""
"Campylobacteriosis","Disease surveillance|Confirmed cases","Reported cases","N","2018","DE","Germany",67585.000000000,""
"Campylobacteriosis","Disease surveillance|Confirmed cases","Reported cases","N","2018","DK","Denmark",4559.000000000,""
"Campylobacteriosis","Disease surveillance|Confirmed cases","Reported cases","N","2018","EE","Estonia",411.000000000,""
"Campylobacteriosis","Disease surveillance|Confirmed cases","Reported cases","N","2018","EL","Greece",357.000000000,""
"Campylobacteriosis","Disease surveillance|Confirmed cases","Reported cases","N","2018","ES","Spain",18410.000000000,""
"Campylobacteriosis","Disease surveillance|Confirmed cases","Reported cases","N","2018","EU27_21","EU (without UK)",181324.000000000,""
"Campylobacteriosis","Disease surveillance|Confirmed cases","Reported cases","N","2018","EU27_UK_21","EU (with UK until 2019)",246570.000000000,""
"Campylobacteriosis","Disease surveillance|Confirmed cases","Reported cases","N","2018","EUEEA30_21","EU/EEA (without UK)",185137.000000000,""
"Campylobacteriosis","Disease surveillance|Confirmed cases","Reported cases","N","2018","EUEEAUK_21","EU/EEA (with UK until 2019)",250383.000000000,""
"Campylobacteriosis","Disease surveillance|Confirmed cases","Reported cases","N","2018","FI","Finland",5099.000000000,""
"Campylobacteriosis","Disease surveillance|Confirmed cases","Reported cases","N","2018","FR","France",7491.000000000,""
"Campylobacteriosis","Disease surveillance|Confirmed cases","Reported cases","N","2018","HR","Croatia",1965.000000000,""
"Campylobacteriosis","Disease surveillance|Confirmed cases","Reported cases","N","2018","HU","Hungary",7117.000000000,""
"Campylobacteriosis","Disease surveillance|Confirmed cases","Reported cases","N","2018","IE","Ireland",3044.000000000,""
"Campylobacteriosis","Disease surveillance|Confirmed cases","Reported cases","N","2018","IS","Iceland",145.000000000,""
"Campylobacteriosis","Disease surveillance|Confirmed cases","Reported cases","N","2018","IT","Italy",1356.000000000,""
"Campylobacteriosis","Disease surveillance|Confirmed cases","Reported cases","N","2018","LT","Lithuania",919.000000000,""
"Campylobacteriosis","Disease surveillance|Confirmed cases","Reported cases","N","2018","LU","Luxembourg",625.000000000,""
"Campylobacteriosis","Disease surveillance|Confirmed cases","Reported cases","N","2018","LV","Latvia",87.000000000,""
"Campylobacteriosis","Disease surveillance|Confirmed cases","Reported cases","N","2018","MT","Malta",333.000000000,""
"Campylobacteriosis","Disease surveillance|Confirmed cases","Reported cases","N","2018","NL","Netherlands",3091.000000000,""
"Campylobacteriosis","Disease surveillance|Confirmed cases","Reported cases","N","2018","NO","Norway",3668.000000000,""
"Campylobacteriosis","Disease surveillance|Confirmed cases","Reported cases","N","2018","PL","Poland",719.000000000,""
"Campylobacteriosis","Disease surveillance|Confirmed cases","Reported cases","N","2018","PT","Portugal",610.000000000,""
"Campylobacteriosis","Disease surveillance|Confirmed cases","Reported cases","N","2018","RO","Romania",573.000000000,""
"Campylobacteriosis","Disease surveillance|Confirmed cases","Reported cases","N","2018","SE","Sweden",8132.000000000,""
"Campylobacteriosis","Disease surveillance|Confirmed cases","Reported cases","N","2018","SI","Slovenia",1305.000000000,""
"Campylobacteriosis","Disease surveillance|Confirmed cases","Reported cases","N","2018","SK","Slovakia",8339.000000000,""
"Campylobacteriosis","Disease surveillance|Confirmed cases","Reported cases","N","2018","UK","United Kingdom",65246.000000000,""
"Campylobacteriosis","Disease surveillance|Confirmed cases","Reported cases","N","2019","AT","Austria",6572.000000000,""
"Campylobacteriosis","Disease surveillance|Confirmed cases","Reported cases","N","2019","BE","Belgium",7337.000000000,""
"Campylobacteriosis","Disease surveillance|Confirmed cases","Reported cases","N","2019","BG","Bulgaria",229.000000000,""
"Campylobacteriosis","Disease surveillance|Confirmed cases","Reported cases","N","2019","CY","Cyprus",21.000000000,""
"Campylobacteriosis","Disease surveillance|Confirmed cases","Reported cases","N","2019","CZ","Czechia",22894.000000000,""
"Campylobacteriosis","Disease surveillance|Confirmed cases","Reported cases","N","2019","DE","Germany",61277.000000000,""
"Campylobacteriosis","Disease surveillance|Confirmed cases","Reported cases","N","2019","DK","Denmark",5402.000000000,""
"Campylobacteriosis","Disease surveillance|Confirmed cases","Reported cases","N","2019","EE","Estonia",347.000000000,""
"Campylobacteriosis","Disease surveillance|Confirmed cases","Reported cases","N","2019","EL","Greece",366.000000000,""
"Campylobacteriosis","Disease surveillance|Confirmed cases","Reported cases","N","2019","ES","Spain",9658.000000000,""
"Campylobacteriosis","Disease surveillance|Confirmed cases","Reported cases","N","2019","EU27_21","EU (without UK)",161921.000000000,""
"Campylobacteriosis","Disease surveillance|Confirmed cases","Reported cases","N","2019","EU27_UK_21","EU (with UK until 2019)",220639.000000000,""
"Campylobacteriosis","Disease surveillance|Confirmed cases","Reported cases","N","2019","EUEEA30_21","EU/EEA (without UK)",166211.000000000,""
"Campylobacteriosis","Disease surveillance|Confirmed cases","Reported cases","N","2019","EUEEAUK_21","EU/EEA (with UK until 2019)",224929.000000000,""
"Campylobacteriosis","Disease surveillance|Confirmed cases","Reported cases","N","2019","FI","Finland",4382.000000000,""
"Campylobacteriosis","Disease surveillance|Confirmed cases","Reported cases","N","2019","FR","France",7712.000000000,""
"Campylobacteriosis","Disease surveillance|Confirmed cases","Reported cases","N","2019","HR","Croatia",1722.000000000,""
"Campylobacteriosis","Disease surveillance|Confirmed cases","Reported cases","N","2019","HU","Hungary",6400.000000000,""
"Campylobacteriosis","Disease surveillance|Confirmed cases","Reported cases","N","2019","IE","Ireland",2776.000000000,""
"Campylobacteriosis","Disease surveillance|Confirmed cases","Reported cases","N","2019","IS","Iceland",136.000000000,""
"Campylobacteriosis","Disease surveillance|Confirmed cases","Reported cases","N","2019","IT","Italy",1633.000000000,""
"Campylobacteriosis","Disease surveillance|Confirmed cases","Reported cases","N","2019","LT","Lithuania",1221.000000000,""
"Campylobacteriosis","Disease surveillance|Confirmed cases","Reported cases","N","2019","LU","Luxembourg",271.000000000,""
"Campylobacteriosis","Disease surveillance|Confirmed cases","Reported cases","N","2019","LV","Latvia",133.000000000,""
"Campylobacteriosis","Disease surveillance|Confirmed cases","Reported cases","N","2019","MT","Malta",278.000000000,""
"Campylobacteriosis","Disease surveillance|Confirmed cases","Reported cases","N","2019","NL","Netherlands",3415.000000000,""
"Campylobacteriosis","Disease surveillance|Confirmed cases","Reported cases","N","2019","NO","Norway",4154.000000000,""
"Campylobacteriosis","Disease surveillance|Confirmed cases","Reported cases","N","2019","PL","Poland",715.000000000,""
"Campylobacteriosis","Disease surveillance|Confirmed cases","Reported cases","N","2019","PT","Portugal",887.000000000,""
"Campylobacteriosis","Disease surveillance|Confirmed cases","Reported cases","N","2019","RO","Romania",805.000000000,""
"Campylobacteriosis","Disease surveillance|Confirmed cases","Reported cases","N","2019","SE","Sweden",6693.000000000,""
"Campylobacteriosis","Disease surveillance|Confirmed cases","Reported cases","N","2019","SI","Slovenia",1085.000000000,""
"Campylobacteriosis","Disease surveillance|Confirmed cases","Reported cases","N","2019","SK","Slovakia",7690.000000000,""
"Campylobacteriosis","Disease surveillance|Confirmed cases","Reported cases","N","2019","UK","United Kingdom",58718.000000000,""
"Campylobacteriosis","Disease surveillance|Confirmed cases","Reported cases","N","2020","AT","Austria",5406.000000000,""
"Campylobacteriosis","Disease surveillance|Confirmed cases","Reported cases","N","2020","BE","Belgium",5693.000000000,""
"Campylobacteriosis","Disease surveillance|Confirmed cases","Reported cases","N","2020","BG","Bulgaria",127.000000000,""
"Campylobacteriosis","Disease surveillance|Confirmed cases","Reported cases","N","2020","CY","Cyprus",18.000000000,""
"Campylobacteriosis","Disease surveillance|Confirmed cases","Reported cases","N","2020","CZ","Czechia",17517.000000000,""
"Campylobacteriosis","Disease surveillance|Confirmed cases","Reported cases","N","2020","DE","Germany",46377.000000000,""
"Campylobacteriosis","Disease surveillance|Confirmed cases","Reported cases","N","2020","DK","Denmark",3742.000000000,""
"Campylobacteriosis","Disease surveillance|Confirmed cases","Reported cases","N","2020","EE","Estonia",265.000000000,""
"Campylobacteriosis","Disease surveillance|Confirmed cases","Reported cases","N","2020","EL","Greece",218.000000000,""
"Campylobacteriosis","Disease surveillance|Confirmed cases","Reported cases","N","2020","ES","Spain",6891.000000000,""
"Campylobacteriosis","Disease surveillance|Confirmed cases","Reported cases","N","2020","EU27_21","EU (without UK)",120543.000000000,""
"Campylobacteriosis","Disease surveillance|Confirmed cases","Reported cases","N","2020","EU27_UK_21","EU (with UK until 2019)",120543.000000000,""
"Campylobacteriosis","Disease surveillance|Confirmed cases","Reported cases","N","2020","EUEEA30_21","EU/EEA (without UK)",123060.000000000,""
"Campylobacteriosis","Disease surveillance|Confirmed cases","Reported cases","N","2020","EUEEAUK_21","EU/EEA (with UK until 2019)",123060.000000000,""
"Campylobacteriosis","Disease surveillance|Confirmed cases","Reported cases","N","2020","FI","Finland",2074.000000000,""
"Campylobacteriosis","Disease surveillance|Confirmed cases","Reported cases","N","2020","FR","France",7920.000000000,""
"Campylobacteriosis","Disease surveillance|Confirmed cases","Reported cases","N","2020","HR","Croatia",1054.000000000,""
"Campylobacteriosis","Disease surveillance|Confirmed cases","Reported cases","N","2020","HU","Hungary",4461.000000000,""
"Campylobacteriosis","Disease surveillance|Confirmed cases","Reported cases","N","2020","IE","Ireland",2419.000000000,""
"Campylobacteriosis","Disease surveillance|Confirmed cases","Reported cases","N","2020","IS","Iceland",95.000000000,""
"Campylobacteriosis","Disease surveillance|Confirmed cases","Reported cases","N","2020","IT","Italy",1418.000000000,""
"Campylobacteriosis","Disease surveillance|Confirmed cases","Reported cases","N","2020","LT","Lithuania",684.000000000,""
"Campylobacteriosis","Disease surveillance|Confirmed cases","Reported cases","N","2020","LU","Luxembourg",729.000000000,""
"Campylobacteriosis","Disease surveillance|Confirmed cases","Reported cases","N","2020","LV","Latvia",104.000000000,""
"Campylobacteriosis","Disease surveillance|Confirmed cases","Reported cases","N","2020","MT","Malta",206.000000000,""
"Campylobacteriosis","Disease surveillance|Confirmed cases","Reported cases","N","2020","NL","Netherlands",2549.000000000,""
"Campylobacteriosis","Disease surveillance|Confirmed cases","Reported cases","N","2020","NO","Norway",2422.000000000,""
"Campylobacteriosis","Disease surveillance|Confirmed cases","Reported cases","N","2020","PL","Poland",414.000000000,""
"Campylobacteriosis","Disease surveillance|Confirmed cases","Reported cases","N","2020","PT","Portugal",790.000000000,""
"Campylobacteriosis","Disease surveillance|Confirmed cases","Reported cases","N","2020","RO","Romania",300.000000000,""
"Campylobacteriosis","Disease surveillance|Confirmed cases","Reported cases","N","2020","SE","Sweden",3435.000000000,""
"Campylobacteriosis","Disease surveillance|Confirmed cases","Reported cases","N","2020","SI","Slovenia",811.000000000,""
"Campylobacteriosis","Disease surveillance|Confirmed cases","Reported cases","N","2020","SK","Slovakia",4921.000000000,""
"Campylobacteriosis","Disease surveillance|Confirmed cases","Reported cases","N","2021","AT","Austria",6019.000000000,""
"Campylobacteriosis","Disease surveillance|Confirmed cases","Reported cases","N","2021","BE","Belgium",5083.000000000,""
"Campylobacteriosis","Disease surveillance|Confirmed cases","Reported cases","N","2021","BG","Bulgaria",130.000000000,""
"Campylobacteriosis","Disease surveillance|Confirmed cases","Reported cases","N","2021","CY","Cyprus",24.000000000,""
"Campylobacteriosis","Disease surveillance|Confirmed cases","Reported cases","N","2021","CZ","Czechia",16305.000000000,""
"Campylobacteriosis","Disease surveillance|Confirmed cases","Reported cases","N","2021","DE","Germany",47911.000000000,""
"Campylobacteriosis","Disease surveillance|Confirmed cases","Reported cases","N","2021","DK","Denmark",3740.000000000,""
"Campylobacteriosis","Disease surveillance|Confirmed cases","Reported cases","N","2021","EE","Estonia",185.000000000,""
"Campylobacteriosis","Disease surveillance|Confirmed cases","Reported cases","N","2021","EL","Greece",260.000000000,""
"Campylobacteriosis","Disease surveillance|Confirmed cases","Reported cases","N","2021","ES","Spain",20748.000000000,""
"Campylobacteriosis","Disease surveillance|Confirmed cases","Reported cases","N","2021","EU27_21","EU (without UK)",139127.000000000,""
"Campylobacteriosis","Disease surveillance|Confirmed cases","Reported cases","N","2021","EU27_UK_21","EU (with UK until 2019)",139127.000000000,""
"Campylobacteriosis","Disease surveillance|Confirmed cases","Reported cases","N","2021","EUEEA30_21","EU/EEA (without UK)",141272.000000000,""
"Campylobacteriosis","Disease surveillance|Confirmed cases","Reported cases","N","2021","EUEEAUK_21","EU/EEA (with UK until 2019)",141272.000000000,""
"Campylobacteriosis","Disease surveillance|Confirmed cases","Reported cases","N","2021","FI","Finland",1798.000000000,""
"Campylobacteriosis","Disease surveillance|Confirmed cases","Reported cases","N","2021","FR","France",8875.000000000,""
"Campylobacteriosis","Disease surveillance|Confirmed cases","Reported cases","N","2021","HR","Croatia",1148.000000000,""
"Campylobacteriosis","Disease surveillance|Confirmed cases","Reported cases","N","2021","HU","Hungary",5088.000000000,""
"Campylobacteriosis","Disease surveillance|Confirmed cases","Reported cases","N","2021","IE","Ireland",3147.000000000,""
"Campylobacteriosis","Disease surveillance|Confirmed cases","Reported cases","N","2021","IS","Iceland",58.000000000,""
"Campylobacteriosis","Disease surveillance|Confirmed cases","Reported cases","N","2021","IT","Italy",1541.000000000,""
"Campylobacteriosis","Disease surveillance|Confirmed cases","Reported cases","N","2021","LI","Liechtenstein",38.000000000,""
"Campylobacteriosis","Disease surveillance|Confirmed cases","Reported cases","N","2021","LT","Lithuania",357.000000000,""
"Campylobacteriosis","Disease surveillance|Confirmed cases","Reported cases","N","2021","LU","Luxembourg",589.000000000,""
"Campylobacteriosis","Disease surveillance|Confirmed cases","Reported cases","N","2021","LV","Latvia",158.000000000,""
"Campylobacteriosis","Disease surveillance|Confirmed cases","Reported cases","N","2021","MT","Malta",378.000000000,""
"Campylobacteriosis","Disease surveillance|Confirmed cases","Reported cases","N","2021","NL","Netherlands",2692.000000000,""
"Campylobacteriosis","Disease surveillance|Confirmed cases","Reported cases","N","2021","NO","Norway",2049.000000000,""
"Campylobacteriosis","Disease surveillance|Confirmed cases","Reported cases","N","2021","PL","Poland",616.000000000,""
"Campylobacteriosis","Disease surveillance|Confirmed cases","Reported cases","N","2021","PT","Portugal",973.000000000,""
"Campylobacteriosis","Disease surveillance|Confirmed cases","Reported cases","N","2021","RO","Romania",348.000000000,""
"Campylobacteriosis","Disease surveillance|Confirmed cases","Reported cases","N","2021","SE","Sweden",4059.000000000,""
"Campylobacteriosis","Disease surveillance|Confirmed cases","Reported cases","N","2021","SI","Slovenia",856.000000000,""
"Campylobacteriosis","Disease surveillance|Confirmed cases","Reported cases","N","2021","SK","Slovakia",6099.000000000,""
"Campylobacteriosis","Disease surveillance|Confirmed cases","Reported cases","N","2022","AT","Austria",6294.000000000,""
"Campylobacteriosis","Disease surveillance|Confirmed cases","Reported cases","N","2022","BE","Belgium",5457.000000000,""
"Campylobacteriosis","Disease surveillance|Confirmed cases","Reported cases","N","2022","BG","Bulgaria",107.000000000,""
"Campylobacteriosis","Disease surveillance|Confirmed cases","Reported cases","N","2022","CY","Cyprus",82.000000000,""
"Campylobacteriosis","Disease surveillance|Confirmed cases","Reported cases","N","2022","CZ","Czechia",14412.000000000,""
"Campylobacteriosis","Disease surveillance|Confirmed cases","Reported cases","N","2022","DE","Germany",43471.000000000,""
"Campylobacteriosis","Disease surveillance|Confirmed cases","Reported cases","N","2022","DK","Denmark",5143.000000000,""
"Campylobacteriosis","Disease surveillance|Confirmed cases","Reported cases","N","2022","EE","Estonia",211.000000000,""
"Campylobacteriosis","Disease surveillance|Confirmed cases","Reported cases","N","2022","EL","Greece",302.000000000,""
"Campylobacteriosis","Disease surveillance|Confirmed cases","Reported cases","N","2022","ES","Spain",20816.000000000,""
"Campylobacteriosis","Disease surveillance|Confirmed cases","Reported cases","N","2022","EU27_21","EU (without UK)",137309.000000000,""
"Campylobacteriosis","Disease surveillance|Confirmed cases","Reported cases","N","2022","EU27_UK_21","EU (with UK until 2019)",137309.000000000,""
"Campylobacteriosis","Disease surveillance|Confirmed cases","Reported cases","N","2022","EUEEA30_21","EU/EEA (without UK)",140443.000000000,""
"Campylobacteriosis","Disease surveillance|Confirmed cases","Reported cases","N","2022","EUEEAUK_21","EU/EEA (with UK until 2019)",140443.000000000,""
"Campylobacteriosis","Disease surveillance|Confirmed cases","Reported cases","N","2022","FI","Finland",2462.000000000,""
"Campylobacteriosis","Disease surveillance|Confirmed cases","Reported cases","N","2022","FR","France",9095.000000000,""
"Campylobacteriosis","Disease surveillance|Confirmed cases","Reported cases","N","2022","HR","Croatia",1467.000000000,""
"Campylobacteriosis","Disease surveillance|Confirmed cases","Reported cases","N","2022","HU","Hungary",5050.000000000,""
"Campylobacteriosis","Disease surveillance|Confirmed cases","Reported cases","N","2022","IE","Ireland",3617.000000000,""
"Campylobacteriosis","Disease surveillance|Confirmed cases","Reported cases","N","2022","IS","Iceland",104.000000000,""
"Campylobacteriosis","Disease surveillance|Confirmed cases","Reported cases","N","2022","IT","Italy",1539.000000000,""
"Campylobacteriosis","Disease surveillance|Confirmed cases","Reported cases","N","2022","LI","Liechtenstein",50.000000000,""
"Campylobacteriosis","Disease surveillance|Confirmed cases","Reported cases","N","2022","LT","Lithuania",497.000000000,""
"Campylobacteriosis","Disease surveillance|Confirmed cases","Reported cases","N","2022","LU","Luxembourg",912.000000000,""
"Campylobacteriosis","Disease surveillance|Confirmed cases","Reported cases","N","2022","LV","Latvia",172.000000000,""
"Campylobacteriosis","Disease surveillance|Confirmed cases","Reported cases","N","2022","MT","Malta",372.000000000,""
"Campylobacteriosis","Disease surveillance|Confirmed cases","Reported cases","N","2022","NL","Netherlands",3030.000000000,""
"Campylobacteriosis","Disease surveillance|Confirmed cases","Reported cases","N","2022","NO","Norway",2980.000000000,""
"Campylobacteriosis","Disease surveillance|Confirmed cases","Reported cases","N","2022","PL","Poland",528.000000000,""
"Campylobacteriosis","Disease surveillance|Confirmed cases","Reported cases","N","2022","PT","Portugal",868.000000000,""
"Campylobacteriosis","Disease surveillance|Confirmed cases","Reported cases","N","2022","RO","Romania",525.000000000,""
"Campylobacteriosis","Disease surveillance|Confirmed cases","Reported cases","N","2022","SE","Sweden",5165.000000000,""
"Campylobacteriosis","Disease surveillance|Confirmed cases","Reported cases","N","2022","SI","Slovenia",938.000000000,""
"Campylobacteriosis","Disease surveillance|Confirmed cases","Reported cases","N","2022","SK","Slovakia",4777.000000000,""
